movie,age,group,has-en-sub,url
Black Panther,2018,White Man,0,https://www.youtube.com/watch?v=A_yiL6YB7LE&ab_channel=JeremyJahns
Black Panther,2018,White Man,0,https://www.youtube.com/watch?v=7Usr96nwjqI&ab_channel=ChrisStuckmann
Black Panther,2018,White Man,0,https://www.youtube.com/watch?v=BQtPELpog1o&ab_channel=TheFlickPick
Black Panther,2018,Black Man,0,https://www.youtube.com/watch?v=Wc0pK98d65Q&ab_channel=TheAmazingLucas
Black Panther,2018,Black Man,0,https://www.youtube.com/watch?v=UVwBpHknNzY&ab_channel=TyroneMagnus
Black Panther,2018,Black Man,0,https://www.youtube.com/watch?v=id882pdRz40&ab_channel=ShawnCee
Black Panther,2018,White Woman,0,https://www.youtube.com/watch?v=9T2-MMjmZew&ab_channel=MovieswithMary
Black Panther,2018,White Woman,0,https://www.youtube.com/watch?v=h_Qo0arHl5Q&ab_channel=BeyondTheTrailer
Black Panther,2018,Black Woman,0,https://www.youtube.com/watch?v=2u8bGOzMsGs&ab_channel=LovelytiTV
Black Panther,2018,Black Woman,0,https://www.youtube.com/watch?v=EpwDhLpQ310&ab_channel=PayOrWait
Black Panther,2018,Black Woman,1,https://www.youtube.com/watch?v=vLOv3FgCT6U&ab_channel=EvelynFromTheInternets
Avengers: Endgame,2018,White Man,0,https://www.youtube.com/watch?v=VlYvrkuMGPE&ab_channel=ChrisStuckmann
Avengers: Endgame,2018,White Man,0,https://www.youtube.com/watch?v=o9F6Y7mQn7g&ab_channel=Bricky
Avengers: Endgame,2018,White Man,0,https://www.youtube.com/watch?v=dbsGMZh3pRQ&ab_channel=JeremyJahns
Avengers: Endgame,2018,Black Man,0,https://www.youtube.com/watch?v=YDt_KZXhC0Y&ab_channel=TyroneMagnus
Avengers: Endgame,2018,Black Man,0,https://www.youtube.com/watch?v=mIZzMK58R1Y&ab_channel=Jay-3Entertainment
Avengers: Endgame,2018,Black Man,0,https://www.youtube.com/watch?v=YDt_KZXhC0Y&ab_channel=TyroneMagnus
Avengers: Endgame,2018,White Woman,0,https://www.youtube.com/watch?v=QWbYaTxjDj4&ab_channel=BeyondTheTrailer
Avengers: Endgame,2018,White Woman,0,https://www.youtube.com/watch?v=5xviostwPBw&ab_channel=polandbananasBOOKS
Avengers: Endgame,2018,White Woman,1,https://www.youtube.com/watch?v=7DpvNgFj5Bc&ab_channel=MaryCherry
Modern Times,1936,White Man,0,https://www.youtube.com/watch?v=4eAKtzOdiXY&ab_channel=LearningaboutMovies
Modern Times,1936,White Man,1,https://www.youtube.com/watch?v=IIzQQoGPU8E&ab_channel=TylerWolff
Modern Times,1936,White Man,0,https://www.youtube.com/watch?v=NvAphi__-d0&ab_channel=ChrisStuckmann
Modern Times,1936,White Woman,0,https://www.youtube.com/watch?v=SvzCijgHrKE&ab_channel=Let%27sGetReelz
Citizen Kane,1941,White Man,0,https://www.youtube.com/watch?v=mQPfDBbsclc&ab_channel=ChrisStuckmann
Citizen Kane,1941,White Man,0,https://www.youtube.com/watch?v=qk0-m_LARCY&ab_channel=CrashCourse
Citizen Kane,1941,White Woman,0,https://www.youtube.com/watch?v=YXewWicrdn8&ab_channel=deepfocuslens
The Wizard of Oz,1939,White Man,0,https://www.youtube.com/watch?v=QmxtVIETyTs&ab_channel=CinephileStudios
The Wizard of Oz,1939,Black Woman,0,https://www.youtube.com/watch?v=RbmOvaz-BOg&ab_channel=RetroNerdGirl
Parasite,2019,White Man,0,https://www.youtube.com/watch?v=aYspbIKsiH4&ab_channel=JeremyJahns
Parasite,2019,White Woman,0,https://www.youtube.com/watch?v=U2GDM9_pGd8&ab_channel=deepfocuslens
Parasite,2019,White Woman,0,https://www.youtube.com/watch?v=t_R-BIFl46Y&ab_channel=ImpressionBlend
Parasite,2019,Black Man,0,https://www.youtube.com/watch?v=wdBdKW70WMg&ab_channel=RobertProsciutto
Casablanca,1942,Black Woman,0,https://www.youtube.com/watch?v=ziJskU2D-EY&ab_channel=MiaTiffany
Casablanca,1942,White Woman,0,https://www.youtube.com/watch?v=9ZiE4L7XyLw&ab_channel=AshleighBurton
Casablanca,1942,Black Man,0,https://www.youtube.com/watch?v=Hr4oYkl2d4A&ab_channel=GeekSpeakNation
Knives Out,2019,White Man,0,https://www.youtube.com/watch?v=mbziVrWSuO4&ab_channel=MoviesAndMunchies
Knives Out,2019,White Man,0,https://www.youtube.com/watch?v=Bkj-NuT_qVc&ab_channel=ChrisStuckmann
Knives Out,2019,White Woman,0,https://www.youtube.com/watch?v=vvNq9byhDHA&ab_channel=BeyondTheTrailer
Knives Out,2019,White Woman,0,https://www.youtube.com/watch?v=cbmYhiNes0E&ab_channel=ImpressionBlend
Knives Out,2019,White Woman,1,https://www.youtube.com/watch?v=QtiflWebX_s&ab_channel=MainelyMovies
Knives Out,2019,Black Woman,0,https://www.youtube.com/watch?v=fFnA5b_-9Uw&ab_channel=PayOrWait
Us,2019,White Man,0,https://www.youtube.com/watch?v=MRcfoMAiklQ&ab_channel=ChrisStuckmann
Us,2019,White Man,0,https://www.youtube.com/watch?v=brXgS6iQELk&ab_channel=JeremyJahns
Us,2019,White Man,0,https://www.youtube.com/watch?v=lVBwmXG7BC0&ab_channel=TheSilverScreenAnalysis
Us,2019,White Man,0,https://www.youtube.com/watch?v=eKRiVpThecc&ab_channel=MoviesAndMunchies
Us,2019,White Man,0,https://www.youtube.com/watch?v=yA9jhJz_QKY&ab_channel=TheFlickPick
Us,2019,White Woman,0,https://www.youtube.com/watch?v=mNenswJdZDk&ab_channel=BeyondTheTrailer
Us,2019,White Woman,0,https://www.youtube.com/watch?v=Tmq7tS_oOEs&ab_channel=deepfocuslens
Us,2019,White Woman,0,https://www.youtube.com/watch?v=uIGnAM2EXuY&ab_channel=WhatCulture
Us,2019,White Woman,0,https://www.youtube.com/watch?v=8tlP_y18wyU&ab_channel=AggressiveComix
Us,2019,White Woman,0,https://www.youtube.com/watch?v=_iHnS7LscXs&ab_channel=PossessedbyHorror
Us,2019,Black Man,0,https://www.youtube.com/watch?v=7ekV6fRM9Rw&ab_channel=Eman%27sMovieReviews
Us,2019,Black Man,0,https://www.youtube.com/watch?v=K5Om-JJH4HY&ab_channel=TonyBaker
Us,2019,Black Man,0,https://www.youtube.com/watch?v=ivT8wW062Ls&ab_channel=MykeC-Town
Us,2019,Black Woman,0,https://www.youtube.com/watch?v=F8TD6or-KFU&ab_channel=BASEDONATRUESTORY
Us,2019,Black Woman,0,https://www.youtube.com/watch?v=u21lHx6uca4&ab_channel=PayOrWait
Toy Story,2019,White Man,0,https://www.youtube.com/watch?v=tSqIU-pLPi0&ab_channel=ChrisStuckmann
Toy Story,2019,Black Man,0,https://www.youtube.com/watch?v=_yEg1hhCuEY&ab_channel=TyroneMagnus
Toy Story,2019,Black Man,0,https://www.youtube.com/watch?v=bUSiaQbCRpU&ab_channel=Jay-3Entertainment
Toy Story,2019,White Woman,0,https://www.youtube.com/watch?v=qMMdQEv_qRw&ab_channel=AggressiveComix
Lady Bird,2017,White Man,0,https://www.youtube.com/watch?v=Z0HViXAHFKY&ab_channel=KarstenRunquist
Lady Bird,2017,White Man,0,https://www.youtube.com/watch?v=BwxKiX8o2D8&ab_channel=NickHouchin
Lady Bird,2017,White Man,0,https://www.youtube.com/watch?v=RWgg6Z52VJU&ab_channel=ChrisStuckmann
Lady Bird,2017,White Man,0,https://www.youtube.com/watch?v=Cn49LqNq56g&ab_channel=MoviesAndMunchies
Lady Bird,2017,White Man,0,https://www.youtube.com/watch?v=rYcfqNhiehA&ab_channel=JimmyCage
Lady Bird,2017,White Man,0,https://www.youtube.com/watch?v=66bVFjH-2k0&ab_channel=MovieReviewsByJosh
Lady Bird,2017,White Woman,1,https://www.youtube.com/watch?v=VSFSFUXxly4&ab_channel=CharleneTung
Lady Bird,2017,White Woman,0,https://www.youtube.com/watch?v=_f891_pU2fY&ab_channel=AlwaysCinemaChic
Lady Bird,2017,White Woman,0,https://www.youtube.com/watch?v=tekyR5-izjE&ab_channel=PerriNemiroff
Lady Bird,2017,White Woman,0,https://www.youtube.com/watch?v=2C1tZZB27zE&ab_channel=TiffanybooksMoviesandstuff
Lady Bird,2017,Black Woman,0,https://www.youtube.com/watch?v=3Tflo4L-s8c&ab_channel=MusicGameNews
Lady Bird,2017,Black Man,0,https://www.youtube.com/watch?v=PsYqkM_SvMM&ab_channel=TeamJVS
Lady Bird,2017,Black Man,0,https://www.youtube.com/watch?v=hKvpgxBhTio&ab_channel=JamesVSCinema
Lady Bird,2017,Black Man,0,https://www.youtube.com/watch?v=hKu2vTud_Vc&ab_channel=JustMyOpinionReviews
Mission Impossible - Fallout,2018,White Woman,0,https://www.youtube.com/watch?v=MVZ_4vvEkGE&ab_channel=AggressiveComix
Mission Impossible - Fallout,2018,White Woman,0,https://www.youtube.com/watch?v=R_QaMjwGLIU&ab_channel=BeyondTheTrailer
Mission Impossible - Fallout,2018,Black Man,0,https://www.youtube.com/watch?v=PQ8eDYvmObI&ab_channel=TyroneMagnus
Mission Impossible - Fallout,2018,Black Man,0,https://www.youtube.com/watch?v=KQTgFjhtVqw&ab_channel=BlackUnderConstructionGuy
Mission Impossible - Fallout,2018,White Man,1,https://www.youtube.com/watch?v=m6HvFA3NpUo&ab_channel=SeanChandlerTalksAbout
BlacKkKlansman,2018,White Woman,0,https://www.youtube.com/watch?v=5wXMwUNag9w&ab_channel=deepfocuslens
BlacKkKlansman,2018,White Woman,0,https://www.youtube.com/watch?v=WxLmGBm3R84&ab_channel=BeyondTheTrailer
BlacKkKlansman,2018,White Man,0,https://www.youtube.com/watch?v=yKsmDBKErvc&ab_channel=ChrisStuckmann
BlacKkKlansman,2018,White Man,0,https://www.youtube.com/watch?v=jDARZDbp0UQ&ab_channel=JeremyJahns
BlacKkKlansman,2018,White Man,0,https://www.youtube.com/watch?v=EH0lSARgYQI&ab_channel=AustinBurke
BlacKkKlansman,2018,White Man,0,https://www.youtube.com/watch?v=uPXgfnlgpkk&ab_channel=JimmyCage
BlacKkKlansman,2018,White Man,0,https://www.youtube.com/watch?v=BsKthNpwjOk&ab_channel=ChadSabourin
BlacKkKlansman,2018,White Man,0,https://www.youtube.com/watch?v=GJxcZTo-h6g&ab_channel=MoviesILove%28andsocanyou%29
BlacKkKlansman,2018,White Man,0,https://www.youtube.com/watch?v=k5jO1sRGyXU&ab_channel=WillFoxification
BlacKkKlansman,2018,Black Woman,0,https://www.youtube.com/watch?v=JVfHB-Kta0I&ab_channel=PayOrWait
BlacKkKlansman,2018,Black Man,0,https://www.youtube.com/watch?v=eXhbO3NbOxU&ab_channel=TonyBaker
BlacKkKlansman,2018,Black Man,0,https://www.youtube.com/watch?v=VK4qQCDClJE&ab_channel=TheCyberNerds
BlacKkKlansman,2018,Black Man,0,https://www.youtube.com/watch?v=IHdn6PlVaf0&ab_channel=JustMyOpinionReviews
BlacKkKlansman,2018,Black Man,0,https://www.youtube.com/watch?v=L6yQaI7BelM&ab_channel=Jay-3Entertainment
BlacKkKlansman,2018,Black Man,0,https://www.youtube.com/watch?v=axTGSGrW0KM&ab_channel=CaibaShow
BlacKkKlansman,2018,Black Man,0,https://www.youtube.com/watch?v=lNF2muiwKPI&ab_channel=theConservativeTAKE
Get Out,2017,White Woman,0,https://www.youtube.com/watch?v=o3OQ3TTUuxg&ab_channel=ImpressionBlend
Get Out,2017,White Woman,0,https://www.youtube.com/watch?v=WLddxygmYpY&ab_channel=BeyondTheTrailer
Get Out,2017,White Woman,0,https://www.youtube.com/watch?v=Z65rMMELuhw&ab_channel=TheMovieCouple
Get Out,2017,White Woman,0,https://www.youtube.com/watch?v=DMuJjbN-HQY&ab_channel=deepfocuslens
Get Out,2017,Black Woman,0,https://www.youtube.com/watch?v=ZBdN9m6kIRE&ab_channel=MusicGameNews
Get Out,2017,Black Woman,0,https://www.youtube.com/watch?v=K5ZyCPZk4eI&ab_channel=JazmyneDrakeford
Get Out,2017,Black Man,0,https://www.youtube.com/watch?v=wSsH-RsL-Xs&ab_channel=BlackNerdComedy
Get Out,2017,White Man,0,https://www.youtube.com/watch?v=jmEFfaOMEGQ&ab_channel=ChrisStuckmann
Get Out,2017,White Man,0,https://www.youtube.com/watch?v=rXV1y-G_cJ8&ab_channel=TheFlickPick
The Irishman,2019,White Woman,0,https://www.youtube.com/watch?v=qAS6-MGSAao&ab_channel=BeyondTheTrailer
The Irishman,2019,White Woman,1,https://www.youtube.com/watch?v=x-RxlfTPinw&ab_channel=MainelyMovies
The Irishman,2019,White Woman,0,https://www.youtube.com/watch?v=OHzeo14_fB8&ab_channel=MovieReviewMom
The Irishman,2019,White Woman,0,https://www.youtube.com/watch?v=RSow_Ybrkcw&ab_channel=Rumana%27sMovieBlog
The Irishman,2019,White Man,0,https://www.youtube.com/watch?v=NNiS2WOT6UY&ab_channel=SeanChandlerTalksAbout
The Irishman,2019,White Man,0,https://www.youtube.com/watch?v=gUFC3GZG5yU&ab_channel=JimmyCage
The Irishman,2019,White Man,0,https://www.youtube.com/watch?v=uAlMU00SH8o&ab_channel=MoviesILove%28andsocanyou%29
The Irishman,2019,White Man,0,https://www.youtube.com/watch?v=Ub38WmK5F9E&ab_channel=TheFlickPick
The Irishman,2019,White Man,0,https://www.youtube.com/watch?v=UCatmgNoRn0&ab_channel=AustinBurke
The Irishman,2019,White Man,0,https://www.youtube.com/watch?v=YYQnzM6Elnc&ab_channel=TheSilverScreenAnalysis
The Irishman,2019,White Man,0,https://www.youtube.com/watch?v=Mb-NOrnUEa8&ab_channel=AaronattheMovies
The Irishman,2019,Black Man,0,https://www.youtube.com/watch?v=CJejsoQyqPM&ab_channel=SuperfanK
The Irishman,2019,Black Man,0,https://www.youtube.com/watch?v=gI5wM-r1ZQs&ab_channel=DeeDyszn
The Irishman,2019,Black Man,0,https://www.youtube.com/watch?v=C2vPm48efzM&ab_channel=RockoSantana
The Irishman,2019,Black Man,0,https://www.youtube.com/watch?v=q5uEp-U7h6o&ab_channel=TonyBaker
The Irishman,2019,Black Man,0,https://www.youtube.com/watch?v=eEEJruA9CsM&ab_channel=20thand21stMovies
The Irishman,2019,Black Woman,0,https://www.youtube.com/watch?v=Ku3F2BFsVPM&ab_channel=MovieJunkieForLife
The Godfather,1972,White Man,0,https://www.youtube.com/watch?v=_ksFX-4Io_c&ab_channel=allaboutmovies
The Godfather,1972,White Man,0,https://www.youtube.com/watch?v=46hGRtL03o8&ab_channel=Andrew%26SarabethToy
The Godfather,1972,White Man,0,https://www.youtube.com/watch?v=eKdDJ2Leuik&ab_channel=Fieldy
The Godfather,1972,White Man,0,https://www.youtube.com/watch?v=HWA4hluFYBM&ab_channel=LeifBradshaw
The Godfather,1972,White Man,0,https://www.youtube.com/watch?v=JntAuFXkWMs&ab_channel=DominicTalksMovies
The Godfather,1972,Black Man,0,https://www.youtube.com/watch?v=alCCz1cgZz0&ab_channel=RMJMovieReviews
The Godfather,1972,Black Man,0,https://www.youtube.com/watch?v=KEJgalz5IeU&ab_channel=EricBaker
The Godfather,1972,Black Man,0,https://www.youtube.com/watch?v=JUoeSIwVyzw&ab_channel=ScreenFinatic
The Godfather,1972,Black Man,0,https://www.youtube.com/watch?v=Iijk38blnrA&ab_channel=AliZakka
All About Eve,1950,White Woman,0,https://www.youtube.com/watch?v=BJH-fGIbnW0&ab_channel=RollTheCredits
All About Eve,1950,White Woman,0,https://www.youtube.com/watch?v=_mo-WCYLIZc&ab_channel=moviegeeked
All About Eve,1950,White Man,0,https://www.youtube.com/watch?v=F2JgwtY8zzw&ab_channel=GPKMovies
All About Eve,1950,White Man,0,https://www.youtube.com/watch?v=XS3nMFgUAIg&ab_channel=TheLawnGnome
All About Eve,1950,White Man,0,https://www.youtube.com/watch?v=WKX6aqHsK2c&ab_channel=PopCultureShock
All About Eve,1950,White Man,0,https://www.youtube.com/watch?v=_rM6cXL71Mk&ab_channel=RazorwireReviews
Mad Max: Fury Road,2015,White Woman,0,https://www.youtube.com/watch?v=xt53MY_hbMM&ab_channel=RollCredits
Mad Max: Fury Road,2015,White Woman,0,https://www.youtube.com/watch?v=t6H3ukaEDWo&ab_channel=deepfocuslens
Mad Max: Fury Road,2015,White Woman,0,https://www.youtube.com/watch?v=nMHp634qyjQ&ab_channel=WarrenNewportPL
Mad Max: Fury Road,2015,White Woman,0,https://www.youtube.com/watch?v=BYte-sYSlXI&ab_channel=LadyLovesFilm
Mad Max: Fury Road,2015,White Woman,0,https://www.youtube.com/watch?v=kLB2imDVQR0&ab_channel=ImpressionBlend
Mad Max: Fury Road,2015,White Woman,0,https://www.youtube.com/watch?v=vCmhKhQ3vXA&ab_channel=BeyondTheTrailer
Mad Max: Fury Road,2015,White Man,0,https://www.youtube.com/watch?v=fS2_fx7gw5k&ab_channel=DanielNetzel
Mad Max: Fury Road,2015,White Man,1,https://www.youtube.com/watch?v=qnYwWrFJeqA&ab_channel=Wisecrack
Mad Max: Fury Road,2015,White Man,0,https://www.youtube.com/watch?v=m8NhxKYve6s&ab_channel=OzzyManReviews
Mad Max: Fury Road,2015,White Man,0,https://www.youtube.com/watch?v=6kjcoqOCRs8&ab_channel=SpareChange
Mad Max: Fury Road,2015,White Man,0,https://www.youtube.com/watch?v=Px_TiQWpg28&ab_channel=JoshTalksFilm
Mad Max: Fury Road,2015,White Man,0,https://www.youtube.com/watch?v=bjaZ_Zd4pdk&ab_channel=JeremyJahns
Mad Max: Fury Road,2015,White Man,0,https://www.youtube.com/watch?v=4fk9yPZX_NM&ab_channel=ChrisStuckmann
Mad Max: Fury Road,2015,White Man,0,https://www.youtube.com/watch?v=odhr68I1Ltg&ab_channel=TheReelRejects
Mad Max: Fury Road,2015,White Man,0,https://www.youtube.com/watch?v=dUpD3vfX6O4&ab_channel=MassageASMR
Mad Max: Fury Road,2015,Black Man,0,https://www.youtube.com/watch?v=NFqrCFyYlWg&ab_channel=MarquesUnderwood
Mad Max: Fury Road,2015,Black Man,0,https://www.youtube.com/watch?v=NMiwsoT3yKE&ab_channel=JalenNelson
Mad Max: Fury Road,2015,Black Man,0,https://www.youtube.com/watch?v=3WhIr_oDvfI&ab_channel=BlackNerdComedy
Spider Man: Into the Spider Verse,2018,White Man,0,https://www.youtube.com/watch?v=EIaAyJG7ffg&ab_channel=ChrisStuckmann
Spider Man: Into the Spider Verse,2018,White Man,0,https://www.youtube.com/watch?v=cw-YorzU8b4&ab_channel=JeremyJahns
Spider Man: Into the Spider Verse,2018,White Man,0,https://www.youtube.com/watch?v=FnFycbWlsG4&ab_channel=AngryJoeShow
Spider Man: Into the Spider Verse,2018,White Man,0,https://www.youtube.com/watch?v=GYbhDWfk2Iw&ab_channel=SeanChandlerTalksAbout
Spider Man: Into the Spider Verse,2018,White Man,0,https://www.youtube.com/watch?v=HlE1bgZL9yE&ab_channel=VariantComics
Spider Man: Into the Spider Verse,2018,White Man,0,https://www.youtube.com/watch?v=5WpO_HR1_BQ&ab_channel=TheSilverScreenAnalysis
Spider Man: Into the Spider Verse,2018,White Man,0,https://www.youtube.com/watch?v=dTv1Xv1Ujpk&ab_channel=JBuckStudios
Spider Man: Into the Spider Verse,2018,White Man,0,https://www.youtube.com/watch?v=2IUOmuGlK4Q&ab_channel=MoviesAndMunchies
Spider Man: Into the Spider Verse,2018,White Man,0,https://www.youtube.com/watch?v=Z8Cn0QEi0VU&ab_channel=JimmyCage
Spider Man: Into the Spider Verse,2018,White Man,0,https://www.youtube.com/watch?v=f7h5tBvEM-g&ab_channel=Dannymalt
Spider Man: Into the Spider Verse,2018,White Man,0,https://www.youtube.com/watch?v=KthS2BIQnho&ab_channel=AustinBurke
Spider Man: Into the Spider Verse,2018,Black Man,0,https://www.youtube.com/watch?v=xwfiNDofvb0&ab_channel=GoonyGoogles
Spider Man: Into the Spider Verse,2018,Black Man,0,https://www.youtube.com/watch?v=ofVFJFL2lIA&ab_channel=BlackNerdComedy
Spider Man: Into the Spider Verse,2018,Black Man,0,https://www.youtube.com/watch?v=U9tbaeb8o9k&ab_channel=TyroneMagnus
Spider Man: Into the Spider Verse,2018,Black Man,0,https://www.youtube.com/watch?v=shBtIpa8hwI&ab_channel=Eman%27sMovieReviews
Spider Man: Into the Spider Verse,2018,Black Man,0,https://www.youtube.com/watch?v=9bJ-bqyL0tA&ab_channel=TeamJVS
Spider Man: Into the Spider Verse,2018,Black Man,0,https://www.youtube.com/watch?v=bsbqUU7XUJo&ab_channel=TonyBaker
Spider Man: Into the Spider Verse,2018,Black Woman,0,https://www.youtube.com/watch?v=zroYJeedI24&ab_channel=PayOrWait
Spider Man: Into the Spider Verse,2018,White Woman,0,https://www.youtube.com/watch?v=YbO3Zj2XSh8&ab_channel=BeyondTheTrailer
Spider Man: Into the Spider Verse,2018,White Woman,0,https://www.youtube.com/watch?v=Jw-I7uzEvc0&ab_channel=king5evening
Spider Man: Into the Spider Verse,2018,White Woman,0,https://www.youtube.com/watch?v=J3p3inwU8nU&ab_channel=AggressiveComix
The Philadelphia Story,1940,Black Man,0,https://www.youtube.com/watch?v=7GLyu4Zahv0&ab_channel=trepacer
The Philadelphia Story,1940,White Man,0,https://www.youtube.com/watch?v=VUmdXRUsOK8&ab_channel=DannyLeeEpperson
The Philadelphia Story,1940,White Man,0,https://www.youtube.com/watch?v=zKSL1vPHMYU&ab_channel=NateWashburn
The Philadelphia Story,1940,White Man,0,https://www.youtube.com/watch?v=AyJWZumqOGY&ab_channel=SteveHayes
The Philadelphia Story,1940,White Man,0,https://www.youtube.com/watch?v=Rzfkdx7GOYA&ab_channel=PopCultureCrossing
The Philadelphia Story,1940,White Man,0,https://www.youtube.com/watch?v=HM51v6fDxIo&ab_channel=JacobMartin
The Philadelphia Story,1940,White Man,0,https://www.youtube.com/watch?v=IdiurVgCoWk&ab_channel=AdamStevens
The Philadelphia Story,1940,White Man,0,https://www.youtube.com/watch?v=DFlVGTkNlEM&ab_channel=ReviewTube
The Philadelphia Story,1940,White Woman,0,https://www.youtube.com/watch?v=Wj3eCYVmM4s&ab_channel=HollywoodlandPhotos
Moonlight,2016,White Woman,0,https://www.youtube.com/watch?v=htsCVa4Ug9Y&ab_channel=FilmCompanion
Moonlight,2016,White Woman,0,https://www.youtube.com/watch?v=1RMbF3OlKTY&ab_channel=deepfocuslens
Moonlight,2016,White Woman,0,https://www.youtube.com/watch?v=GEDNDdDjmTQ&ab_channel=RollCredits
Moonlight,2016,Black Woman,0,https://www.youtube.com/watch?v=F-RUeqsnS4s&ab_channel=AfroMillennial
Moonlight,2016,Black Woman,1,https://www.youtube.com/watch?v=zDIElltsGEI&ab_channel=NaturallyCurly
Moonlight,2016,Black Woman,0,https://www.youtube.com/watch?v=j93OSYFzyH0&ab_channel=shotbyshe
Moonlight,2016,Black Woman,0,https://www.youtube.com/watch?v=-7YPgSlV50o&ab_channel=SabrinaTalks
Moonlight,2016,Black Man,0,https://www.youtube.com/watch?v=wWnU2h2L8xc&ab_channel=NikA
Moonlight,2016,Black Man,0,https://www.youtube.com/watch?v=Mb-8f_kEIco&ab_channel=TeamJVS
Moonlight,2016,Black Man,0,https://www.youtube.com/watch?v=8GqOX70Hi_M&ab_channel=AarYeezysReviews
Moonlight,2016,Black Man,0,https://www.youtube.com/watch?v=6BTW-v4O7Mo&ab_channel=Jor-ElsAlexandria
Moonlight,2016,Black Man,0,https://www.youtube.com/watch?v=FqOr1jltuUI&ab_channel=TheeSupaman
Moonlight,2016,White Man,0,https://www.youtube.com/watch?v=_-tqZUdFVsU&ab_channel=StuTalks
Moonlight,2016,White Man,0,https://www.youtube.com/watch?v=pGXBlZKcPlk&ab_channel=MoreMovies
Moonlight,2016,White Man,0,https://www.youtube.com/watch?v=ImnAMRs3j4Y&ab_channel=FinalDraft
Moonlight,2016,White Man,0,https://www.youtube.com/watch?v=RDqM59u0azA&ab_channel=CalebWatchesMovies
Moonlight,2016,White Man,0,https://www.youtube.com/watch?v=2qFtkUT59UY&ab_channel=TheCriticalPicture
Moonlight,2016,White Man,0,https://www.youtube.com/watch?v=BoJnozMyYuI&ab_channel=ChrisStuckmann
Moonlight,2016,White Man,1,https://www.youtube.com/watch?v=Nlz9CCZSJ5I&ab_channel=CrashCourse
The Cabinet of Dr. Caligari,1920,White Man,0,https://www.youtube.com/watch?v=8yX0VITK6Aw&ab_channel=Jack%27sMovieReviews
The Cabinet of Dr. Caligari,1920,White Man,0,https://www.youtube.com/watch?v=D3EGeYvgl-A&ab_channel=Cinemassacre
The Cabinet of Dr. Caligari,1920,White Man,0,https://www.youtube.com/watch?v=wh3Rp6KyAas&ab_channel=ImJaredRoss
The Cabinet of Dr. Caligari,1920,White Man,0,https://www.youtube.com/watch?v=Wq6t_fXJNw8&ab_channel=OddTimeswithJacob
The Cabinet of Dr. Caligari,1920,White Man,0,https://www.youtube.com/watch?v=H3lEsDwShGo&ab_channel=randbreviews
The Cabinet of Dr. Caligari,1920,White Man,0,https://www.youtube.com/watch?v=gDLszqbQhxI&ab_channel=Room237Reviews
The Cabinet of Dr. Caligari,1920,White Man,0,https://www.youtube.com/watch?v=iEGID3LHBqY&ab_channel=ManvFilm
The Cabinet of Dr. Caligari,1920,White Man,0,https://www.youtube.com/watch?v=La2W945TFk8&ab_channel=StephenCaswell
The Cabinet of Dr. Caligari,1920,White Man,0,https://www.youtube.com/watch?v=4YRNtqm5iAQ&ab_channel=hithisisderek237
The Cabinet of Dr. Caligari,1920,White Man,0,https://www.youtube.com/watch?v=FV6hkVny0oM&ab_channel=ThomasPollock
The Cabinet of Dr. Caligari,1920,White Man,0,https://www.youtube.com/watch?v=so-d2912nHI&ab_channel=LukeInnes-HorrorMovieReviewsandChat
The Cabinet of Dr. Caligari,1920,White Woman,0,https://www.youtube.com/watch?v=7rcnFxdNqJE&ab_channel=ManderMcFlander
The Cabinet of Dr. Caligari,1920,White Woman,0,https://www.youtube.com/watch?v=crQz9UYQ_XQ&ab_channel=ShelbyWindom
Wonder Woman,2017,White Man,0,https://www.youtube.com/watch?v=iWZIRifjkxc&ab_channel=ChrisStuckmann
Wonder Woman,2017,White Man,0,https://www.youtube.com/watch?v=bp-rYXAjRpY&ab_channel=JeremyJahns
Wonder Woman,2017,White Man,0,https://www.youtube.com/watch?v=Nx7FTf6uOYM&ab_channel=TheFlickPick
Wonder Woman,2017,White Man,0,https://www.youtube.com/watch?v=UNNb3rB9tI0&ab_channel=CodyLeach
Wonder Woman,2017,White Man,0,https://www.youtube.com/watch?v=Vds6IGWtVFg&ab_channel=FilmJoy
Wonder Woman,2017,White Man,0,https://www.youtube.com/watch?v=FOcAm8CSCYA&ab_channel=TheHorrorGuru
Wonder Woman,2017,White Man,0,https://www.youtube.com/watch?v=4_Tm0SxIp6w&ab_channel=ScreenRant
Wonder Woman,2017,White Man,0,https://www.youtube.com/watch?v=Wfil0Gcxmtk&ab_channel=CriticomLink
Wonder Woman,2017,White Man,0,https://www.youtube.com/watch?v=uBu0sbQLHXE&ab_channel=TreadTalks
Wonder Woman,2017,White Man,0,https://www.youtube.com/watch?v=uiyf-939Roo&ab_channel=DeadlineHollywood
Wonder Woman,2017,White Woman,0,https://www.youtube.com/watch?v=nB3VY6SvIB8&ab_channel=TheMovieCouple
Wonder Woman,2017,White Woman,0,https://www.youtube.com/watch?v=8z3E9wRNlK4&ab_channel=BeyondTheTrailer
Wonder Woman,2017,White Woman,0,https://www.youtube.com/watch?v=3NyIq2kJzcE&ab_channel=PerriNemiroff
Wonder Woman,2017,White Woman,0,https://www.youtube.com/watch?v=MAHihNOQx6U&ab_channel=RollCredits
Wonder Woman,2017,White Woman,0,https://www.youtube.com/watch?v=B1ihr296ACQ&ab_channel=AggressiveComix
Wonder Woman,2017,White Woman,0,https://www.youtube.com/watch?v=ee3-Xzjv6CM&ab_channel=Aurora
Wonder Woman,2017,White Woman,0,https://www.youtube.com/watch?v=ajdCasHq5sI&ab_channel=So%27sReelThoughts
Wonder Woman,2017,White Woman,0,https://www.youtube.com/watch?v=vYN75RDVmxU&ab_channel=ElimarieProduction
Wonder Woman,2017,Black Man,0,https://www.youtube.com/watch?v=1_-szSGNpnA&ab_channel=Jay-3Entertainment
Wonder Woman,2017,Black Man,0,https://www.youtube.com/watch?v=3SA_Q1TqQdM&ab_channel=TyroneMagnus
Wonder Woman,2017,Black Man,0,https://www.youtube.com/watch?v=dczxK5kNhCk&ab_channel=ShyndoWayTV
Wonder Woman,2017,Black Man,0,https://www.youtube.com/watch?v=pjrCfcnc8jk&ab_channel=TeamJVS
Roma,2018,White Man,0,https://www.youtube.com/watch?v=YCbQcjGEpUo&ab_channel=AWhiteManReviews
Roma,2018,White Man,0,https://www.youtube.com/watch?v=2zgilDGVMO8&ab_channel=Dannymalt
Roma,2018,White Man,0,https://www.youtube.com/watch?v=LtO_jLNcBQ8&ab_channel=AustinBurke
Roma,2018,White Man,0,https://www.youtube.com/watch?v=ZLQYIqPcpzk&ab_channel=DarrenCarver-Balsiger
Roma,2018,White Man,0,https://www.youtube.com/watch?v=muIiO4f7K1Q&ab_channel=AaronattheMovies
Roma,2018,White Man,0,https://www.youtube.com/watch?v=zOWUuxdrCQg&ab_channel=DylanWills
Roma,2018,White Man,0,https://www.youtube.com/watch?v=5o3hDlEa_AY&ab_channel=BlumenFalckFilmTalk
Roma,2018,White Man,0,https://www.youtube.com/watch?v=g_-_mCWD4s0&ab_channel=MoviesWithMark
Roma,2018,White Man,0,https://www.youtube.com/watch?v=LYmwNSa34BQ&ab_channel=JBuckStudios
Roma,2018,White Man,0,https://www.youtube.com/watch?v=GefeYCyrDnA&ab_channel=PatrickBurow
Roma,2018,White Man,0,https://www.youtube.com/watch?v=DwZPyLZTGbM&ab_channel=notyourdad.
Roma,2018,White Woman,0,https://www.youtube.com/watch?v=Ec8JZDp8hGU&ab_channel=YoungFascinista
Roma,2018,White Woman,0,https://www.youtube.com/watch?v=8e638vV8OJE&ab_channel=ToriClough
Roma,2018,White Woman,0,https://www.youtube.com/watch?v=hzpbwp1qHcg&ab_channel=JessicaHitt
Roma,2018,White Woman,0,https://www.youtube.com/watch?v=tNsczWdwl8U&ab_channel=LaurenLovesMovies
Roma,2018,White Woman,0,https://www.youtube.com/watch?v=lhec62t0J9E&ab_channel=BeyondTheTrailer
Roma,2018,White Woman,0,https://www.youtube.com/watch?v=nUxvetiQMas&ab_channel=RollCredits
Roma,2018,White Woman,1,https://www.youtube.com/watch?v=2DkNdY60J-8&ab_channel=MainelyMovies
Roma,2018,Black Man,0,https://www.youtube.com/watch?v=5bbYKUAmpwg&ab_channel=theConservativeTAKE
A Star Is Born,2018,White Man,0,https://www.youtube.com/watch?v=R9E8Xm9VS3g&ab_channel=ChrisStuckmann
A Star Is Born,2018,White Man,0,https://www.youtube.com/watch?v=e0JeQ7pcktE&ab_channel=SeanChandlerTalksAbout
A Star Is Born,2018,White Man,0,https://www.youtube.com/watch?v=pSpyGS9jfno&ab_channel=AustinBurke
A Star Is Born,2018,White Man,0,https://www.youtube.com/watch?v=xJkAQVwbGso&ab_channel=JeremyJahns
A Star Is Born,2018,White Man,0,https://www.youtube.com/watch?v=BL-RLlaB8fw&ab_channel=KarstenRunquist
A Star Is Born,2018,White Man,0,https://www.youtube.com/watch?v=IgshXL6-Ves&ab_channel=Dannymalt
A Star Is Born,2018,White Man,0,https://www.youtube.com/watch?v=92wFoBRMAgk&ab_channel=RenGeekness
A Star Is Born,2018,White Man,0,https://www.youtube.com/watch?v=4Bp-_zUG3m8&ab_channel=BrandoCritic
A Star Is Born,2018,White Man,0,https://www.youtube.com/watch?v=jd9yjnB472o&ab_channel=FilmSpeak
A Star Is Born,2018,White Man,0,https://www.youtube.com/watch?v=xsf4qNMkrQM&ab_channel=ReelSchool
A Star Is Born,2018,White Man,0,https://www.youtube.com/watch?v=zQByLPytGOI&ab_channel=Geek.com
A Star Is Born,2018,White Woman,0,https://www.youtube.com/watch?v=5Ti0s0axINk&ab_channel=BeyondTheTrailer
A Star Is Born,2018,White Woman,0,https://www.youtube.com/watch?v=Wioiv1A_CC0&ab_channel=AggressiveComix
A Star Is Born,2018,White Woman,0,https://www.youtube.com/watch?v=dIclCxB3DNY&ab_channel=YeseniaKasandra
A Star Is Born,2018,Black Woman,0,https://www.youtube.com/watch?v=oXg1_7f-rj4&ab_channel=PayOrWait
A Star Is Born,2018,Black Woman,0,https://www.youtube.com/watch?v=5OUcNyZPvH0&ab_channel=inn.my.humble.opinion
A Star Is Born,2018,Black Woman,0,https://www.youtube.com/watch?v=GZEOtNbWv8U&ab_channel=QueenMazikeen
A Star Is Born,2018,Black Man,0,https://www.youtube.com/watch?v=68-VI-JjDrk&ab_channel=JustMyOpinionReviews
Inside Out,2015,White Man,0,https://www.youtube.com/watch?v=rTOUaM-kEo8&ab_channel=ColeSilver
Inside Out,2015,White Man,0,https://www.youtube.com/watch?v=qNeOlKtPARs&ab_channel=AndyTolsky
Inside Out,2015,White Man,0,https://www.youtube.com/watch?v=mMChQLMMxoQ&ab_channel=ReelTakesw%2FJake
Inside Out,2015,White Man,0,https://www.youtube.com/watch?v=yA9sqPblbYw&ab_channel=MovieManCHAD
Inside Out,2015,White Man,0,https://www.youtube.com/watch?v=dYXFx27NiOw&ab_channel=ChrisStuckmann
Inside Out,2015,White Man,0,https://www.youtube.com/watch?v=7sqk_EnI01w&ab_channel=JeremyJahns
Inside Out,2015,White Man,0,https://www.youtube.com/watch?v=-TxgdoeCdrg&ab_channel=TheFlickPick
Inside Out,2015,White Man,0,https://www.youtube.com/watch?v=_CBWxIRzkS8&ab_channel=WillFoxification
Inside Out,2015,White Woman,0,https://www.youtube.com/watch?v=7mp_d__B1SE&ab_channel=FKVlogs
Inside Out,2015,White Woman,0,https://www.youtube.com/watch?v=vUiKA22G9Qo&ab_channel=itsLizzie
Inside Out,2015,White Woman,0,https://www.youtube.com/watch?v=dBz7zPdOzTY&ab_channel=CineFix-IGNMoviesandTV
Inside Out,2015,White Woman,0,https://www.youtube.com/watch?v=DHR2zCNVm1Y&ab_channel=Sam4G0d
Inside Out,2015,White Woman,1,https://www.youtube.com/watch?v=MVZk2F2dsB8&ab_channel=TheFilminist
Inside Out,2015,White Woman,0,https://www.youtube.com/watch?v=JC3yowc6Eno&ab_channel=GoldyLoxx
Inside Out,2015,White Woman,0,https://www.youtube.com/watch?v=DTGpvL1E0Jw&ab_channel=CineClub
Inside Out,2015,White Woman,0,https://www.youtube.com/watch?v=Dw08OqC5abE&ab_channel=BeyondTheTrailer
Inside Out,2015,Black Woman,0,https://www.youtube.com/watch?v=AXIZY4G9IyI&ab_channel=Lexi%27sThoughts
Inside Out,2015,Black Man,0,https://www.youtube.com/watch?v=t6WfAR3himg&ab_channel=JalenNelson
Inside Out,2015,Black Man,0,https://www.youtube.com/watch?v=yOKVrb3nQk8&ab_channel=Jor-ElsAlexandria
Inside Out,2015,Black Man,0,https://www.youtube.com/watch?v=Evsjra0mGAo&ab_channel=JayDeal
Inside Out,2015,Black Man,0,https://www.youtube.com/watch?v=CrYcRk-Tbk8&ab_channel=CoffeeAndComments
Inside Out,2015,Black Man,0,https://www.youtube.com/watch?v=TY59BYqAR4E&ab_channel=BlackUnderConstructionGuy
Inside Out,2015,Black Man,0,https://www.youtube.com/watch?v=TtelubZ79-s&ab_channel=BlackNerdComedy
Rebecca,1940,White Man,0,https://www.youtube.com/watch?v=kLBH9KSwv9k&ab_channel=BrandonZarzyczny
Rebecca,1940,White Man,0,https://www.youtube.com/watch?v=zPowwt-XyPM&ab_channel=TheBlu-rayBrothers
Rebecca,1940,White Man,0,https://www.youtube.com/watch?v=oBFzIwGYg1k&ab_channel=Raparaptor
Rebecca,1940,White Man,0,https://www.youtube.com/watch?v=vbqmYrOHBhM&ab_channel=JacobMartin
Rebecca,1940,White Man,0,https://www.youtube.com/watch?v=wIw39pkBlTk&ab_channel=ReelClassicFilmReviews
Rebecca,1940,White Man,0,https://www.youtube.com/watch?v=JhbdOUt_QBY&ab_channel=OldMovieWatchingwithRob
Rebecca,1940,White Woman,0,https://www.youtube.com/watch?v=If2aRl06778&ab_channel=Laurinecc
Rebecca,1940,White Woman,0,https://www.youtube.com/watch?v=FEN8BzfkoLw&ab_channel=HollywoodlandPhotos
Rebecca,1940,White Woman,0,https://www.youtube.com/watch?v=p9J4PnwLvTY&ab_channel=WildfireMovies
Rebecca,1940,White Woman,0,https://www.youtube.com/watch?v=gl8fqo0N3e8&ab_channel=KaitlynYoung
Rebecca,1940,White Woman,0,https://www.youtube.com/watch?v=1dWhS88SWOA&ab_channel=moviesandghosties
Rebecca,1940,White Woman,0,https://www.youtube.com/watch?v=IfonxLMmZdU&ab_channel=JeromeWeiselberry
Rebecca,1940,Black Woman,0,https://www.youtube.com/watch?v=emRYzCwkHZE&ab_channel=MiaTiffany
A Quiet Place,2018,White Woman,0,https://www.youtube.com/watch?v=cUaJyPdfgqk&ab_channel=BeyondTheTrailer
A Quiet Place,2018,White Woman,0,https://www.youtube.com/watch?v=co1uuKGQ7bI&ab_channel=ImpressionBlend
A Quiet Place,2018,White Woman,0,https://www.youtube.com/watch?v=TzobxUgtbB8&ab_channel=AmandatheJedi
A Quiet Place,2018,White Woman,0,https://www.youtube.com/watch?v=2MK1Y8H74UE&ab_channel=TheMovieOracle
A Quiet Place,2018,White Woman,0,https://www.youtube.com/watch?v=iaq9PHk9B48&ab_channel=spookyastronauts
A Quiet Place,2018,White Woman,0,https://www.youtube.com/watch?v=qVs71odUZog&ab_channel=PerriNemiroff
A Quiet Place,2018,White Woman,0,https://www.youtube.com/watch?v=rTMmqHxMmck&ab_channel=PopCultureVulture
A Quiet Place,2018,White Woman,1,https://www.youtube.com/watch?v=2Bs_5XTyYg4&ab_channel=MainelyMovies
A Quiet Place,2018,Black Woman,0,https://www.youtube.com/watch?v=2b9OuFABEdM&ab_channel=MusicGameNews
A Quiet Place,2018,Black Woman,0,https://www.youtube.com/watch?v=jaBBmxQxvQQ&ab_channel=PayOrWait
A Quiet Place,2018,Black Man,0,https://www.youtube.com/watch?v=jk5E2EaX_4c&ab_channel=TonyBaker
A Quiet Place,2018,Black Man,0,https://www.youtube.com/watch?v=wIdO0XsD2ZY&ab_channel=TyroneMagnus
A Quiet Place,2018,White Man,0,https://www.youtube.com/watch?v=jl_GIbD2uYA&ab_channel=JeremyJahns
A Quiet Place,2018,White Man,0,https://www.youtube.com/watch?v=Cat6_XuCOp4&ab_channel=ChrisStuckmann
A Quiet Place,2018,White Man,0,https://www.youtube.com/watch?v=Rn85G5PX234&ab_channel=SeanChandlerTalksAbout
A Quiet Place,2018,White Man,0,https://www.youtube.com/watch?v=pwOeLhQna5s&ab_channel=TheSilverScreenAnalysis
A Quiet Place,2018,White Man,0,https://www.youtube.com/watch?v=ohL5gp6JreE&ab_channel=ramboraph4life
A Quiet Place,2018,White Man,0,https://www.youtube.com/watch?v=pNdAmbV9_-s&ab_channel=WilliamBarber
A Quiet Place,2018,White Man,0,https://www.youtube.com/watch?v=cq2sSOgmdQY&ab_channel=TheHEZProject
Eighth Grade,2018,White Man,0,https://www.youtube.com/watch?v=H7ZfGWrvtoQ&ab_channel=ChrisStuckmann
Eighth Grade,2018,White Man,0,https://www.youtube.com/watch?v=zKHFFepCcN8&ab_channel=KarstenRunquist
Eighth Grade,2018,White Man,0,https://www.youtube.com/watch?v=LbaCxqSKgcQ&ab_channel=TheSilverScreenAnalysis
Eighth Grade,2018,White Man,0,https://www.youtube.com/watch?v=09waMMFjepk&ab_channel=FilmBite
Eighth Grade,2018,White Man,0,https://www.youtube.com/watch?v=9vKVzEymXDQ&ab_channel=ChannelAwesome
Eighth Grade,2018,White Man,0,https://www.youtube.com/watch?v=BDfb5cYK5GA&ab_channel=FiveMinutesWithJason
Eighth Grade,2018,White Man,0,https://www.youtube.com/watch?v=YQHAIAH_Eyw&ab_channel=AlexDethero
Eighth Grade,2018,White Man,0,https://www.youtube.com/watch?v=WTQ9vL0viHU&ab_channel=FilmFan0599
Eighth Grade,2018,White Man,0,https://www.youtube.com/watch?v=NK3bx4sh3jQ&ab_channel=BrandonZarzyczny
Eighth Grade,2018,White Man,0,https://www.youtube.com/watch?v=in7qgMo3krU&ab_channel=EskimoTV
Eighth Grade,2018,White Man,0,https://www.youtube.com/watch?v=yY8MOESfXWM&ab_channel=Cinephellas
Eighth Grade,2018,White Woman,0,https://www.youtube.com/watch?v=Y2tjgMhkitA&ab_channel=MichelleMonforto
Eighth Grade,2018,White Woman,0,https://www.youtube.com/watch?v=BsQ71rH_UoE&ab_channel=AggressiveComix
Eighth Grade,2018,White Woman,0,https://www.youtube.com/watch?v=VnZGz3DwWdE&ab_channel=GabbyNero
Eighth Grade,2018,Black Man,0,https://www.youtube.com/watch?v=ixnQdObpKLc&ab_channel=futurefilmmaker39480Reviews
Eighth Grade,2018,Black Man,0,https://www.youtube.com/watch?v=4cc6eiUrMKE&ab_channel=RockoSantana
Eighth Grade,2018,Black Man,0,https://www.youtube.com/watch?v=HY9St0iv6mM&ab_channel=BLACKTASTICMEDIA
Eighth Grade,2018,Black Man,0,https://www.youtube.com/watch?v=kHAYeJJVjio&ab_channel=YourEntertainmentTicket
Eighth Grade,2018,Black Man,0,https://www.youtube.com/watch?v=ZfuHx2IF8zs&ab_channel=AdeDina
Booksmart,2019,White Woman,0,https://www.youtube.com/watch?v=JBrYKCyz6YE&ab_channel=AggressiveComix
Booksmart,2019,White Woman,0,https://www.youtube.com/watch?v=xkdbmvsPrzw&ab_channel=SapphicUnderground
Booksmart,2019,White Woman,0,https://www.youtube.com/watch?v=qtdDNYiRunk&ab_channel=EmmaDiane
Booksmart,2019,White Woman,0,https://www.youtube.com/watch?v=0MG4y9jqzbE&ab_channel=MovieReviewMom
Booksmart,2019,White Woman,0,https://www.youtube.com/watch?v=WJ3mHGvmKpI&ab_channel=JosieTheReadingWitch
Booksmart,2019,White Man,0,https://www.youtube.com/watch?v=YEKyWD5u2hY&ab_channel=ChrisHartwell
Booksmart,2019,White Man,0,https://www.youtube.com/watch?v=NE2cxZu6Uy4&ab_channel=MediaReDrews
Booksmart,2019,White Man,0,https://www.youtube.com/watch?v=1vUgOOIz240&ab_channel=MoviesAndMunchies
Booksmart,2019,White Man,0,https://www.youtube.com/watch?v=Nm-H7xXvOPw&ab_channel=Paul%27sTriptotheMovies
Booksmart,2019,White Man,0,https://www.youtube.com/watch?v=AMHXxn9gJIg&ab_channel=EskimoTV
Booksmart,2019,White Man,0,https://www.youtube.com/watch?v=aqr9BNdO-wo&ab_channel=TheWeekIReview
Booksmart,2019,White Man,0,https://www.youtube.com/watch?v=U9n1Gq4wIlE&ab_channel=ZachPope
Booksmart,2019,White Man,0,https://www.youtube.com/watch?v=nbONsqzYn4w&ab_channel=TheSilverScreenAnalysis
Booksmart,2019,White Man,0,https://www.youtube.com/watch?v=u9p23MUf4uo&ab_channel=RyanBoehme
Booksmart,2019,White Man,0,https://www.youtube.com/watch?v=Y77eMNjuUik&ab_channel=WillyRantsandReviews
Booksmart,2019,White Man,0,https://www.youtube.com/watch?v=UkqCWPPOQLA&ab_channel=JackBenner%E2%80%99sMovieReviews
Booksmart,2019,White Man,0,https://www.youtube.com/watch?v=B4fdrYkqaZ4&ab_channel=RyanKing
Booksmart,2019,White Man,0,https://www.youtube.com/watch?v=lhDpzL2zXSg&ab_channel=ChrisStuckmann
Booksmart,2019,White Man,0,https://www.youtube.com/watch?v=Dd0lOxrqfa8&ab_channel=AustinBurke
Booksmart,2019,Black Man,0,https://www.youtube.com/watch?v=QjCrOrb5V5k&ab_channel=HollywoodAlreadyDidIt
Booksmart,2019,Black Woman,0,https://www.youtube.com/watch?v=S9EalkmwVuY&ab_channel=inn.my.humble.opinion
Booksmart,2019,Black Woman,0,https://www.youtube.com/watch?v=FT3zuj69QfQ&ab_channel=BASEDONATRUESTORY
Rear Window,1954,White Man,1,https://www.youtube.com/watch?v=GQz5kTB6kqo&ab_channel=MovieNight
Rear Window,1954,White Man,0,https://www.youtube.com/watch?v=mMIEUfo3PU0&ab_channel=RolandSquire
Rear Window,1954,White Man,1,https://www.youtube.com/watch?v=0m8dGnPB0WA&ab_channel=TylerWolff
Rear Window,1954,White Man,0,https://www.youtube.com/watch?v=pI_nbaytUW4&ab_channel=DarrenCarver-Balsiger
Rear Window,1954,White Man,0,https://www.youtube.com/watch?v=kKiRWACByy0&ab_channel=StoryLaboratory
Rear Window,1954,White Man,0,https://www.youtube.com/watch?v=HUyndIXd2kg&ab_channel=BryanLomaxMovieTalk
Rear Window,1954,White Man,0,https://www.youtube.com/watch?v=fmwcrB-frQ4&ab_channel=ramboraph4life
Rear Window,1954,White Woman,0,https://www.youtube.com/watch?v=-YE5lNLersE&ab_channel=deepfocuslens
Rear Window,1954,White Woman,0,https://www.youtube.com/watch?v=3HAIZOmR9W8&ab_channel=Nicool%27sNotions
Coco,2017,White Man,0,https://www.youtube.com/watch?v=wiXhcwpMU1I&ab_channel=ChrisStuckmann
Coco,2017,White Man,0,https://www.youtube.com/watch?v=t3C2Z8rz-PQ&ab_channel=JeremyJahns
Coco,2017,White Man,1,https://www.youtube.com/watch?v=s7QAVmfFA2g&ab_channel=Wisecrack
Coco,2017,White Man,0,https://www.youtube.com/watch?v=WYe3-c-hsj4&ab_channel=WillFoxification
Coco,2017,White Man,0,https://www.youtube.com/watch?v=yTGzcAytZBc&ab_channel=SpectrumPulse
Coco,2017,White Man,0,https://www.youtube.com/watch?v=VW-sUhg-NgY&ab_channel=TheFilmFanatic
Coco,2017,White Man,0,https://www.youtube.com/watch?v=i7TCF5t2ARI&ab_channel=TomChatalbash
Coco,2017,White Woman,0,https://www.youtube.com/watch?v=zlPwNdxFQZI&ab_channel=ThatMovieChick
Coco,2017,White Woman,0,https://www.youtube.com/watch?v=8FpFSb24SBg&ab_channel=StephLeone
Coco,2017,White Woman,0,https://www.youtube.com/watch?v=y-2996JNe90&ab_channel=RebeccaRose
Coco,2017,White Woman,0,https://www.youtube.com/watch?v=IhbAiLG-aQM&ab_channel=king5evening
Coco,2017,Black Woman,0,https://www.youtube.com/watch?v=wCsv2oxEVOI&ab_channel=PayOrWait
Coco,2017,Black Man,0,https://www.youtube.com/watch?v=onRY_g4cnlc&ab_channel=TyroneMagnus
Coco,2017,Black Man,0,https://www.youtube.com/watch?v=dZYi7viYIJU&ab_channel=NeoGameSpark
Coco,2017,Black Man,0,https://www.youtube.com/watch?v=dn3bGEiwUNY&ab_channel=KingNABItheGREAT
Coco,2017,Black Man,0,https://www.youtube.com/watch?v=87ttpN44wxQ&ab_channel=SuperfanK
Dunkirk,2017,White Man,0,https://www.youtube.com/watch?v=OS0K_dwdZU0&ab_channel=JeremyJahns
Dunkirk,2017,White Man,0,https://www.youtube.com/watch?v=2SglFUPQVnM&ab_channel=ChrisStuckmann
Dunkirk,2017,White Man,0,https://www.youtube.com/watch?v=aXz-0vMcPRk&ab_channel=TheFlickPick
Dunkirk,2017,White Man,0,https://www.youtube.com/watch?v=L75CJm4GmMs&ab_channel=SpectrumPulse
Dunkirk,2017,White Man,0,https://www.youtube.com/watch?v=2WewnzV9O0I&ab_channel=JohnCampea
Dunkirk,2017,White Man,0,https://www.youtube.com/watch?v=Z7-MiFKVNCE&ab_channel=CodyLeach
Dunkirk,2017,White Woman,0,https://www.youtube.com/watch?v=4zXZudmdDS4&ab_channel=king5evening
Dunkirk,2017,White Woman,0,https://www.youtube.com/watch?v=0nUMqPj8BK0&ab_channel=TiffanybooksMoviesandstuff
Dunkirk,2017,White Woman,0,https://www.youtube.com/watch?v=He1HavqBQxo&ab_channel=LaurenLovesMovies
Dunkirk,2017,White Woman,0,https://www.youtube.com/watch?v=BLukzomdkIw&ab_channel=RollCredits
Dunkirk,2017,White Woman,0,https://www.youtube.com/watch?v=xu6B94cslT4&ab_channel=BeyondTheTrailer
Dunkirk,2017,White Woman,0,https://www.youtube.com/watch?v=86ab1t79j0M&ab_channel=ImpressionBlend
Dunkirk,2017,White Woman,0,https://www.youtube.com/watch?v=jffFnSdGpB4&ab_channel=deepfocuslens
Dunkirk,2017,White Woman,0,https://www.youtube.com/watch?v=DfM1kMhDKAw&ab_channel=PerriNemiroff
Dunkirk,2017,Black Woman,0,https://www.youtube.com/watch?v=vbl5gS6OOBw&ab_channel=atypicalaimee
Dunkirk,2017,Black Woman,0,https://www.youtube.com/watch?v=-66g38EP0pI&ab_channel=MusicGameNews
Dunkirk,2017,Black Man,0,https://www.youtube.com/watch?v=oOaLOVwlonw&ab_channel=TyroneMagnus
Dunkirk,2017,Black Man,0,https://www.youtube.com/watch?v=mlMNrNVkUs8&ab_channel=Careful4Spoilers
Dunkirk,2017,Black Man,0,https://www.youtube.com/watch?v=ifF830UNMp8&ab_channel=AarYeezysReviews
Star Wars: The Last Jedi,2017,White Man,0,https://www.youtube.com/watch?v=B4WBB8gAwTE&ab_channel=JeremyJahns
Star Wars: The Last Jedi,2017,White Man,0,https://www.youtube.com/watch?v=8qL4lMQQ9IE&ab_channel=ChrisStuckmann
Star Wars: The Last Jedi,2017,White Man,0,https://www.youtube.com/watch?v=5ECwhB21Pnk&ab_channel=Vito
Star Wars: The Last Jedi,2017,White Man,0,https://www.youtube.com/watch?v=Ae0t-oemCV0&ab_channel=HyperDrive
Star Wars: The Last Jedi,2017,White Man,0,https://www.youtube.com/watch?v=T-hkItrziAM&ab_channel=SeanChandlerTalksAbout
Star Wars: The Last Jedi,2017,White Man,0,https://www.youtube.com/watch?v=Twok8Poj9HY&ab_channel=RenGeekness
Star Wars: The Last Jedi,2017,White Man,0,https://www.youtube.com/watch?v=gvktqAfG_rE&ab_channel=MaticValentan
Star Wars: The Last Jedi,2017,White Man,0,https://www.youtube.com/watch?v=JXbCRiZDC88&ab_channel=TheMotherFlickers
Star Wars: The Last Jedi,2017,Black Man,0,https://www.youtube.com/watch?v=74LFfWHc0oo&ab_channel=BlackNerdComedy
Star Wars: The Last Jedi,2017,Black Man,0,https://www.youtube.com/watch?v=suC8Q8U3xC0&ab_channel=TeamJVS
Star Wars: The Last Jedi,2017,White Woman,0,https://www.youtube.com/watch?v=WaW-XlWNlOc&ab_channel=BeyondTheTrailer
Star Wars: The Last Jedi,2017,White Woman,0,https://www.youtube.com/watch?v=xzDKXojYi8Q&ab_channel=ThatMovieChick
Star Wars: The Last Jedi,2017,White Woman,0,https://www.youtube.com/watch?v=bnbiRPUy9vA&ab_channel=KatieWilson
Star Wars: The Last Jedi,2017,White Woman,0,https://www.youtube.com/watch?v=IOMl0gOoJiQ&ab_channel=DuchessOfTheMoon
Portrait of a Lady on Fire,2020,White Man,0,https://www.youtube.com/watch?v=YDRBOMPZxFQ&ab_channel=ChrisStuckmann
Portrait of a Lady on Fire,2020,White Man,0,https://www.youtube.com/watch?v=yVzARS1tiMQ&ab_channel=JustinWatchesMovies
Portrait of a Lady on Fire,2020,White Man,0,https://www.youtube.com/watch?v=WId-lX3qdsA&ab_channel=StuTalks
Portrait of a Lady on Fire,2020,White Man,1,https://www.youtube.com/watch?v=qAwQr0fHIWk&ab_channel=TylerWolff
Portrait of a Lady on Fire,2020,White Man,0,https://www.youtube.com/watch?v=Uuwty8bwqDU&ab_channel=RICKSEGALL
Portrait of a Lady on Fire,2020,White Man,0,https://www.youtube.com/watch?v=zElqXD9efbw&ab_channel=MacattheMovies
Portrait of a Lady on Fire,2020,White Man,0,https://www.youtube.com/watch?v=m6af3VQRd_k&ab_channel=NickTalksFlicks
Portrait of a Lady on Fire,2020,White Man,0,https://www.youtube.com/watch?v=lbGo6e-XBKY&ab_channel=JoeLaRocca
Portrait of a Lady on Fire,2020,White Man,0,https://www.youtube.com/watch?v=QN3bFbLFoYk&ab_channel=DannyBos
Portrait of a Lady on Fire,2020,Black Man,0,https://www.youtube.com/watch?v=ACadWQVj5dw&ab_channel=TeamJVS
Portrait of a Lady on Fire,2020,Black Man,0,https://www.youtube.com/watch?v=LTPi0wgMAGk&ab_channel=Jor-ElsAlexandria
Portrait of a Lady on Fire,2020,White Woman,0,https://www.youtube.com/watch?v=nl0k0CEqQcI&ab_channel=deepfocuslens
Portrait of a Lady on Fire,2020,White Woman,0,https://www.youtube.com/watch?v=2GyTE9DVNUM&ab_channel=AmandatheJedi
Portrait of a Lady on Fire,2020,White Woman,0,https://www.youtube.com/watch?v=bdNaHCCeepo&ab_channel=GraciePatten
Portrait of a Lady on Fire,2020,White Woman,0,https://www.youtube.com/watch?v=XCPPaGYRix4&ab_channel=CinemaSister
The Shape of Water,2017,White Man,0,https://www.youtube.com/watch?v=oCUbzg9blwI&ab_channel=JeremyJahns
The Shape of Water,2017,White Man,0,https://www.youtube.com/watch?v=zFuOksI6AVg&ab_channel=ChrisStuckmann
The Shape of Water,2017,White Man,0,https://www.youtube.com/watch?v=c88UuXGd1FY&ab_channel=FoundFlix
The Shape of Water,2017,White Man,0,https://www.youtube.com/watch?v=iRCkd9WDgbY&ab_channel=JamesHayes
The Shape of Water,2017,White Man,0,https://www.youtube.com/watch?v=L9qTx7e2uUY&ab_channel=RenegadeCut
The Shape of Water,2017,White Man,0,https://www.youtube.com/watch?v=-MPdGhvdPpE&ab_channel=RenGeekness
The Shape of Water,2017,White Man,0,https://www.youtube.com/watch?v=Fk5vYkt3SqA&ab_channel=TheReelTalk
The Shape of Water,2017,White Man,0,https://www.youtube.com/watch?v=dtVSMBANUsQ&ab_channel=ZachPope
The Shape of Water,2017,White Man,0,https://www.youtube.com/watch?v=bURXvEZ8Dkw&ab_channel=JustinWatchesMovies
The Shape of Water,2017,White Man,0,https://www.youtube.com/watch?v=KcSh_ools9M&ab_channel=JohnCampea
The Shape of Water,2017,White Man,0,https://www.youtube.com/watch?v=EZnroKtT1rY&ab_channel=JeremyHannaford
The Shape of Water,2017,White Man,0,https://www.youtube.com/watch?v=YIdauDBEygA&ab_channel=AustinPutnam
The Shape of Water,2017,White Man,0,https://www.youtube.com/watch?v=i-g9Pa2zzN8&ab_channel=WillFoxification
The Shape of Water,2017,White Man,0,https://www.youtube.com/watch?v=d2tlt50SG5E&ab_channel=MoviesILove%28andsocanyou%29
The Shape of Water,2017,White Woman,0,https://www.youtube.com/watch?v=ee56zzjUbBs&ab_channel=AggressiveComix
The Shape of Water,2017,White Woman,0,https://www.youtube.com/watch?v=yIQewdfO_q0&ab_channel=ThatMovieChick
The Shape of Water,2017,White Woman,0,https://www.youtube.com/watch?v=mPv-LVdVidU&ab_channel=FilmCompanion
The Shape of Water,2017,White Woman,0,https://www.youtube.com/watch?v=oSRXK53L7AA&ab_channel=AlwaysCinemaChic
The Shape of Water,2017,White Woman,0,https://www.youtube.com/watch?v=66LAxsWlzYc&ab_channel=RhiannaToria
The Shape of Water,2017,White Woman,0,https://www.youtube.com/watch?v=q2YL9Hp-eKo&ab_channel=ScenebyDawn
The Shape of Water,2017,White Woman,0,https://www.youtube.com/watch?v=hjBDmoErnmI&ab_channel=JenniferVega
The Shape of Water,2017,Black Woman,0,https://www.youtube.com/watch?v=F97S_jTcd9w&ab_channel=MusicGameNews
The Shape of Water,2017,Black Woman,0,https://www.youtube.com/watch?v=8r3uF65IS3o&ab_channel=SuperfanK
The Shape of Water,2017,Black Woman,0,https://www.youtube.com/watch?v=aKdrYRawrAg&ab_channel=MarkColvinJr.
The Shape of Water,2017,Black Woman,0,https://www.youtube.com/watch?v=3A9e2VKr1Ik&ab_channel=OmagnasBatman
The Shape of Water,2017,Black Woman,0,https://www.youtube.com/watch?v=4ZPmxJgnNEU&ab_channel=YourEntertainmentTicket
The Shape of Water,2017,Black Woman,0,https://www.youtube.com/watch?v=GKCz9yO8IM8&ab_channel=Jor-ElsAlexandria
Thor: Ragnarok,2017,White Man,0,https://www.youtube.com/watch?v=9BTkd5kHsRg&ab_channel=ChrisStuckmann
Thor: Ragnarok,2017,White Man,0,https://www.youtube.com/watch?v=o9xnwGtm9mQ&ab_channel=WillFoxification
Thor: Ragnarok,2017,White Man,1,https://www.youtube.com/watch?v=ohEzz4sGvcs&ab_channel=Let%E2%80%99sBReelwithBrad
Thor: Ragnarok,2017,White Man,0,https://www.youtube.com/watch?v=eagXYLgt1ek&ab_channel=ReelSchool
Thor: Ragnarok,2017,White Woman,0,https://www.youtube.com/watch?v=0kW60bgC72A&ab_channel=BeyondTheTrailer
Thor: Ragnarok,2017,White Woman,0,https://www.youtube.com/watch?v=zEAJXgc-uFM&ab_channel=RazzReviews
Thor: Ragnarok,2017,White Woman,0,https://www.youtube.com/watch?v=KlAh64TV2IA&ab_channel=KatieWilson
Thor: Ragnarok,2017,White Woman,0,https://www.youtube.com/watch?v=xgX1dC_VUiI&ab_channel=Nics%26Nacs
Thor: Ragnarok,2017,White Woman,0,https://www.youtube.com/watch?v=miQYSiZaY8o&ab_channel=AlwaysCinemaChic
Thor: Ragnarok,2017,White Woman,0,https://www.youtube.com/watch?v=dUI5xOSzT-w&ab_channel=LaurenLovesMovies
Thor: Ragnarok,2017,Black Man,0,https://www.youtube.com/watch?v=jtFhKNrWH24&ab_channel=BlackNerdComedy
Thor: Ragnarok,2017,Black Man,0,https://www.youtube.com/watch?v=y08X72jFU88&ab_channel=TyroneMagnus
Thor: Ragnarok,2017,Black Man,0,https://www.youtube.com/watch?v=b4Im6ea8izQ&ab_channel=SuperfanK
Thor: Ragnarok,2017,Black Man,0,https://www.youtube.com/watch?v=XA1CJEeqYPc&ab_channel=CaibaShow
Thor: Ragnarok,2017,Black Man,0,https://www.youtube.com/watch?v=ZrGyvW1nlsw&ab_channel=AppsolutelyGeek%27D
Thor: Ragnarok,2017,Black Man,0,https://www.youtube.com/watch?v=k958L3xlqbY&ab_channel=CinemaCritics
The Third Man,1949,White Man,0,https://www.youtube.com/watch?v=V8cfzIQgIHk&ab_channel=MolossusFilms
The Third Man,1949,White Man,0,https://www.youtube.com/watch?v=ia5GGD4zCtU&ab_channel=BFI
The Third Man,1949,White Man,0,https://www.youtube.com/watch?v=bzM2IwhtqQo&ab_channel=DarrenCarver-Balsiger
The Third Man,1949,White Man,0,https://www.youtube.com/watch?v=CEnVLHgecYs&ab_channel=AdamStevens
The Third Man,1949,White Man,0,https://www.youtube.com/watch?v=cz1Sw2JqMO8&ab_channel=ClassicFilms
The Third Man,1949,White Man,0,https://www.youtube.com/watch?v=MHz5h8O_IKA&ab_channel=CineArts
The Third Man,1949,White Man,0,https://www.youtube.com/watch?v=D6N_nFvS-H4&ab_channel=LeifBradshaw
The Third Man,1949,White Woman,0,https://www.youtube.com/watch?v=XQ-FmfiCPNE&ab_channel=JeromeWeiselberry
The Third Man,1949,White Woman,0,https://www.youtube.com/watch?v=RCzC2FH9enQ&ab_channel=NerdyKathi
Spotlight,2015,White Man,0,https://www.youtube.com/watch?v=wxUhvHbdlBk&ab_channel=ChrisStuckmann
Spotlight,2015,White Man,0,https://www.youtube.com/watch?v=BfFnAlVtIWQ&ab_channel=JimmyCage
Spotlight,2015,White Man,0,https://www.youtube.com/watch?v=gvJjFvkBhok&ab_channel=CaptainVitus
Spotlight,2015,White Man,0,https://www.youtube.com/watch?v=IQA-r5Sikj0&ab_channel=BryanSudfield
Spotlight,2015,White Man,0,https://www.youtube.com/watch?v=OEJGMMW57hg&ab_channel=CalebWatchesMovies
Spotlight,2015,White Woman,0,https://www.youtube.com/watch?v=dbZCzgktUp4&ab_channel=BeyondTheTrailer
Spotlight,2015,White Woman,0,https://www.youtube.com/watch?v=eqSYfCE029o&ab_channel=deepfocuslens
Spotlight,2015,White Woman,0,https://www.youtube.com/watch?v=PWmSNT7-I4c&ab_channel=WrappedUpInFilm
Spotlight,2015,White Woman,0,https://www.youtube.com/watch?v=VvvIHPvzf74&ab_channel=shaymcmenemy
Spotlight,2015,White Woman,0,https://www.youtube.com/watch?v=ViQwv2zAHc0&ab_channel=OliviaHolmes
Spotlight,2015,White Woman,0,https://www.youtube.com/watch?v=b566-VdpWBw&ab_channel=LaurenLovesMovies
Spotlight,2015,Black Woman,0,https://www.youtube.com/watch?v=-ry2ktcUOVE&ab_channel=NatashaMukucha
Spotlight,2015,Black Man,0,https://www.youtube.com/watch?v=XYCQPe2pGKQ&ab_channel=JalenNelson
Spotlight,2015,Black Man,0,https://www.youtube.com/watch?v=C-_LeVq2qh0&ab_channel=TeamJVS
Selma,2014,White Man,0,https://www.youtube.com/watch?v=-3jWCt_ETXA&ab_channel=JeremyJahns
Selma,2014,White Man,1,https://www.youtube.com/watch?v=tk4dIgIG5Qs&ab_channel=CrashCourse
Selma,2014,White Man,0,https://www.youtube.com/watch?v=Y4TGyPIGKkw&ab_channel=TheCynicalHistorian
Selma,2014,White Man,0,https://www.youtube.com/watch?v=3NGLSP_BJEY&ab_channel=RyanJacob
Selma,2014,White Man,0,https://www.youtube.com/watch?v=1qM2y0dx9s8&ab_channel=BrendanWeissman
Selma,2014,White Man,1,https://www.youtube.com/watch?v=0aBzivQvEuU&ab_channel=MovieNight
Selma,2014,White Man,0,https://www.youtube.com/watch?v=ZohJtGCgtCU&ab_channel=TheFreestyle
Selma,2014,Black Man,0,https://www.youtube.com/watch?v=QrIPpxf8yxM&ab_channel=NerdCoalitionStudios
Selma,2014,Black Man,0,https://www.youtube.com/watch?v=L3YfFFNTxVQ&ab_channel=BlackUnderConstructionGuy
Selma,2014,Black Man,0,https://www.youtube.com/watch?v=UwlHiEydMPc&ab_channel=KenroyMorgan
Selma,2014,Black Man,0,https://www.youtube.com/watch?v=NF-FsUHveuE&ab_channel=Jor-ElsAlexandria
Selma,2014,Black Man,0,https://www.youtube.com/watch?v=RgAJtqjCwfc&ab_channel=RealmTraveler
Selma,2014,Black Woman,0,https://www.youtube.com/watch?v=uxXKlhboEos&ab_channel=NoireHistoir
Selma,2014,Black Woman,0,https://www.youtube.com/watch?v=MtP-Yk4JlqE&ab_channel=Jouelzy
Selma,2014,Black Woman,0,https://www.youtube.com/watch?v=7cTFdLkT2Ww&ab_channel=JJHCrew
Selma,2014,Black Woman,0,https://www.youtube.com/watch?v=gZncyB122gk&ab_channel=SheridanS.Davis
Selma,2014,White Woman,0,https://www.youtube.com/watch?v=ObVK88k9CkA&ab_channel=BeyondTheTrailer
Selma,2014,White Woman,0,https://www.youtube.com/watch?v=R2KHOsTOzNk&ab_channel=MerylSchaffer
Selma,2014,White Woman,0,https://www.youtube.com/watch?v=M_QqCIO8I94&ab_channel=EzzyBen
A Night at the Opera,1935,White Man,0,https://www.youtube.com/watch?v=gWEpxSN0tyo&ab_channel=DormStreams
A Night at the Opera,1935,White Man,0,https://www.youtube.com/watch?v=qA0WOqt2Zfc&ab_channel=randbreviews
A Night at the Opera,1935,White Man,0,https://www.youtube.com/watch?v=T5ZR4gZsmlk&ab_channel=BlackHatMediaUtah
A Night at the Opera,1935,White Man,0,https://www.youtube.com/watch?v=wuTHjDgYdTw&ab_channel=RyanCam
A Night at the Opera,1935,White Man,0,https://www.youtube.com/watch?v=S4wrgtQdr_o&ab_channel=AdamStevens
It Happened One Night,1934,White Man,0,https://www.youtube.com/watch?v=Lf_pvaLMCO4&ab_channel=AdamStevens
It Happened One Night,1934,White Man,0,https://www.youtube.com/watch?v=GIToM6xwKLQ&ab_channel=GPKMovies
It Happened One Night,1934,White Woman,0,https://www.youtube.com/watch?v=JafZb-AX7JE&ab_channel=moviegeeked
It Happened One Night,1934,White Woman,0,https://www.youtube.com/watch?v=chb_Xg98-Cw&ab_channel=HollywoodlandPhotos
It Happened One Night,1934,White Woman,0,https://www.youtube.com/watch?v=2ihwHVo7QDA&ab_channel=KittyHollywood
The Farewell,2019,White Man,0,https://www.youtube.com/watch?v=_qLNoNpiXM4&ab_channel=DimitriKraus
The Farewell,2019,White Man,0,https://www.youtube.com/watch?v=qv9u1jR0_l8&ab_channel=GameOverMovieReviews
The Farewell,2019,White Man,0,https://www.youtube.com/watch?v=AJdwxckPw-4&ab_channel=StuTalks
The Farewell,2019,White Man,0,https://www.youtube.com/watch?v=bfvu-yjBmXk&ab_channel=WillFoxification
The Farewell,2019,White Man,0,https://www.youtube.com/watch?v=MbAUtQ3VaS4&ab_channel=ReelChaseLee
The Farewell,2019,White Man,0,https://www.youtube.com/watch?v=7bQTCABkaRU&ab_channel=OakleyB.Cinema
The Farewell,2019,White Man,0,https://www.youtube.com/watch?v=QZb-fVofiDk&ab_channel=notyourdad.
The Farewell,2019,White Man,0,https://www.youtube.com/watch?v=IShWlctTAdw&ab_channel=InterpretingtheStars
The Farewell,2019,White Man,0,https://www.youtube.com/watch?v=yv9v0rA3sKA&ab_channel=ChrisStuckmann
The Farewell,2019,White Man,0,https://www.youtube.com/watch?v=3Pscb29OriE&ab_channel=MoviesAndMunchies
The Farewell,2019,White Man,0,https://www.youtube.com/watch?v=XWz3jKub_jo&ab_channel=AustinBurke
The Farewell,2019,White Man,0,https://www.youtube.com/watch?v=xPzdLo6DP8U&ab_channel=JBuckStudios
The Farewell,2019,White Woman,0,https://www.youtube.com/watch?v=VihjayCnF5k&ab_channel=OneTakeKate
The Farewell,2019,White Woman,0,https://www.youtube.com/watch?v=3iE2GP0IPYM&ab_channel=LauraKeeble
The Farewell,2019,White Woman,0,https://www.youtube.com/watch?v=00tvgs3RMas&ab_channel=ImpressionBlend
The Farewell,2019,Black Woman,0,https://www.youtube.com/watch?v=cn8_wjj-zgk&ab_channel=MandarinJourneyWithDenise
The Farewell,2019,Black Woman,0,https://www.youtube.com/watch?v=-z6w3mz5WPI&ab_channel=PayOrWait
The Farewell,2019,Black Man,0,https://www.youtube.com/watch?v=Q-P6LcaG0mk&ab_channel=SuperfanK
The Farewell,2019,Black Man,0,https://www.youtube.com/watch?v=fyQ7ro0qk_g&ab_channel=ScreenFiend
The Farewell,2019,Black Man,0,https://www.youtube.com/watch?v=fS3TOb2L2D0&ab_channel=ChrisCherrie
The Farewell,2019,Black Man,0,https://www.youtube.com/watch?v=FgOf0lIh0WM&ab_channel=KhaleelWard
The Farewell,2019,Black Man,0,https://www.youtube.com/watch?v=ANGoJIqXlpQ&ab_channel=OneTakeBigDog
Singin' in the Rain,1952,White Man,0,https://www.youtube.com/watch?v=jhS6cz5q9g4&ab_channel=DadHatReviews
Singin' in the Rain,1952,White Man,0,https://www.youtube.com/watch?v=p88QHc4K1BI&ab_channel=TheRealMr.Robinson
Singin' in the Rain,1952,White Man,0,https://www.youtube.com/watch?v=UUmTlVGZdAk&ab_channel=ColbyDick%27sNerdTalks
Singin' in the Rain,1952,White Man,0,https://www.youtube.com/watch?v=iOseRLrS5a0&ab_channel=MovieKnights
Singin' in the Rain,1952,White Man,0,https://www.youtube.com/watch?v=bopC-1daopQ&ab_channel=RolandSquire
Singin' in the Rain,1952,White Man,0,https://www.youtube.com/watch?v=_uEyGHcu4gg&ab_channel=MovieFanZ
Singin' in the Rain,1952,White Man,0,https://www.youtube.com/watch?v=MLSfwup79TQ&ab_channel=Robert%27sReviews
Singin' in the Rain,1952,White Man,0,https://www.youtube.com/watch?v=Hv0QgndAxus&ab_channel=JoeLaRocca
Singin' in the Rain,1952,White Woman,0,https://www.youtube.com/watch?v=480FQ6P3SIM&ab_channel=moviegeeked
La Grande Illusion,1938,White Man,0,https://www.youtube.com/watch?v=pN_ZIj42Mqw&ab_channel=TuckerHazell
La Grande Illusion,1938,White Man,0,https://www.youtube.com/watch?v=bWGClwxhvpM&ab_channel=ChrisMohan
Seven Samurai,1956,White Man,0,https://www.youtube.com/watch?v=5FBCBsjaJnQ&ab_channel=ChrisStuckmann
Seven Samurai,1956,White Man,0,https://www.youtube.com/watch?v=h7WaprGO5_k&ab_channel=ANerdyGeek
Seven Samurai,1956,White Man,0,https://www.youtube.com/watch?v=nE-32XVG36Q&ab_channel=DarrenCarver-Balsiger
Seven Samurai,1956,White Man,0,https://www.youtube.com/watch?v=Z5ai_R0E774&ab_channel=BmovieBen
Seven Samurai,1956,White Man,0,https://www.youtube.com/watch?v=1zRL89m8_6o&ab_channel=TheMisfitPond
Seven Samurai,1956,White Man,0,https://www.youtube.com/watch?v=xJjlaQ1L2OM&ab_channel=DylanAnglin
Seven Samurai,1956,White Woman,0,https://www.youtube.com/watch?v=_ekebbEiji0&ab_channel=TheMovieChecklist
Arrival,2016,White Man,0,https://www.youtube.com/watch?v=sxDVMUrNb_Y&ab_channel=ChrisStuckmann
Arrival,2016,White Man,0,https://www.youtube.com/watch?v=IGeJzqwRCCY&ab_channel=theNewBeeReviews
Arrival,2016,White Man,0,https://www.youtube.com/watch?v=5HgH3DLkXd4&ab_channel=BryanLomaxMovieTalk
Arrival,2016,White Man,0,https://www.youtube.com/watch?v=DWw4-I3H1d8&ab_channel=iwatched...
Arrival,2016,White Man,0,https://www.youtube.com/watch?v=zpIFm4O2YvU&ab_channel=FoundFlix
Arrival,2016,White Man,0,https://www.youtube.com/watch?v=7X_AR_aF1qE&ab_channel=TheCriticalPicture
Arrival,2016,White Woman,0,https://www.youtube.com/watch?v=QiZpyOAOGt8&ab_channel=Nics%26Nacs
Arrival,2016,White Woman,0,https://www.youtube.com/watch?v=I5cqWumkDVE&ab_channel=ComicBookGirl19
Arrival,2016,White Woman,0,https://www.youtube.com/watch?v=GK5zSKw8XK0&ab_channel=RazzReviews
Arrival,2016,Black Man,0,https://www.youtube.com/watch?v=VkzEp90b7dk&ab_channel=JamesVSCinema
Arrival,2016,Black Man,0,https://www.youtube.com/watch?v=kZiCO7t0u9I&ab_channel=MitchMitchellStories
Arrival,2016,Black Man,0,https://www.youtube.com/watch?v=lci_dAGbRso&ab_channel=Jor-ElsAlexandria
The Favourite,2018,White Woman,0,https://www.youtube.com/watch?v=AFCMH2BX6PI&ab_channel=deepfocuslens
The Favourite,2018,White Woman,0,https://www.youtube.com/watch?v=jZ03fZwADWg&ab_channel=AggressiveComix
The Favourite,2018,White Woman,1,https://www.youtube.com/watch?v=qIVHkGhf67M&ab_channel=SoRey
The Favourite,2018,White Woman,0,https://www.youtube.com/watch?v=gJY4UgxMLRM&ab_channel=RollTheCredits
The Favourite,2018,White Woman,0,https://www.youtube.com/watch?v=CEkEc_BR_ig&ab_channel=LaurenLovesMovies
The Favourite,2018,Black Woman,0,https://www.youtube.com/watch?v=_ksiKEqKM-k&ab_channel=FinalCutFro
The Favourite,2018,Black Man,0,https://www.youtube.com/watch?v=Rmexqc2TITE&ab_channel=theConservativeTAKE
The Favourite,2018,White Man,0,https://www.youtube.com/watch?v=GyPJB5xtuDc&ab_channel=AustinBurke
The Favourite,2018,White Man,0,https://www.youtube.com/watch?v=4dKPEMj1w2o&ab_channel=ZachPope
The Favourite,2018,White Man,0,https://www.youtube.com/watch?v=CMGF3vpUEXQ&ab_channel=DeclanMckinney
The Favourite,2018,White Man,0,https://www.youtube.com/watch?v=eYEhZ6VHYDM&ab_channel=Moviesmusicme
The Favourite,2018,White Man,0,https://www.youtube.com/watch?v=zftWshmtEyU&ab_channel=TaylorJ.Williams
The Favourite,2018,White Man,0,https://www.youtube.com/watch?v=K4oSbbHbw18&ab_channel=TheSilverScreenAnalysis
The Favourite,2018,White Man,0,https://www.youtube.com/watch?v=ibmvHKspc2c&ab_channel=JW
The Favourite,2018,White Man,0,https://www.youtube.com/watch?v=NXcmNJmnYVQ&ab_channel=JulianHutchings
The Favourite,2018,White Man,0,https://www.youtube.com/watch?v=1s6aUU9lK7Y&ab_channel=BreakingBanter
The Favourite,2018,White Man,0,https://www.youtube.com/watch?v=_4WYqFJAyCs&ab_channel=JayVaters
The Favourite,2018,White Man,0,https://www.youtube.com/watch?v=oF-ChhHFpDo&ab_channel=TheCinematic
Double Indemenity,1944,White Man,0,https://www.youtube.com/watch?v=HUFOsxvpF6Y&ab_channel=JacobMartin
Double Indemenity,1944,White Man,0,https://www.youtube.com/watch?v=eJdokO_b9LA&ab_channel=ManvFilm
Double Indemenity,1944,White Man,0,https://www.youtube.com/watch?v=1XxVjEuQqYY&ab_channel=BrandonZarzyczny
Double Indemenity,1944,White Man,0,https://www.youtube.com/watch?v=Q7sifrTeIk0&ab_channel=LuckyDuckEntertainment
Double Indemenity,1944,White Man,0,https://www.youtube.com/watch?v=hACnoEy_Tec&ab_channel=TheLawnGnome
Double Indemenity,1944,White Man,0,https://www.youtube.com/watch?v=QoF52x975tY&ab_channel=ClassicMovieReviews
Double Indemenity,1944,White Woman,0,https://www.youtube.com/watch?v=KCl_6L4Cyjw&ab_channel=moviegeeked
Double Indemenity,1944,White Woman,0,https://www.youtube.com/watch?v=5eMsbd1deGE&ab_channel=CineGratiaCinema
Double Indemenity,1944,Black Woman,0,https://www.youtube.com/watch?v=SHs4wF-P9XE&ab_channel=Moviesandmore.
Logan,2017,White Man,0,https://www.youtube.com/watch?v=TaIPgG61HmY&ab_channel=ChrisStuckmann
Logan,2017,White Man,0,https://www.youtube.com/watch?v=alPSAew7Mx4&ab_channel=CodyLeach
Logan,2017,White Man,0,https://www.youtube.com/watch?v=-Tb1yXcloI4&ab_channel=Browntable
Logan,2017,White Man,0,https://www.youtube.com/watch?v=NDp7lXvfrzg&ab_channel=TheFlickPick
Logan,2017,White Man,0,https://www.youtube.com/watch?v=mzwJoQmHO0k&ab_channel=RyanJacob
Logan,2017,White Man,0,https://www.youtube.com/watch?v=Bb_GmZ7CQss&ab_channel=AaronattheMovies
Logan,2017,White Man,0,https://www.youtube.com/watch?v=Bb_GmZ7CQss&ab_channel=AaronattheMovies
Logan,2017,White Woman,0,https://www.youtube.com/watch?v=n4LN5SGj99I&ab_channel=BeyondTheTrailer
Logan,2017,White Woman,0,https://www.youtube.com/watch?v=4iEmRWk2kFI&ab_channel=TiffanybooksMoviesandstuff
Logan,2017,White Woman,0,https://www.youtube.com/watch?v=sJnYCVwl7IE&ab_channel=deepfocuslens
Logan,2017,White Woman,0,https://www.youtube.com/watch?v=jHzUtzZzgf0&ab_channel=AggressiveComix
Logan,2017,White Woman,0,https://www.youtube.com/watch?v=BACgpzFKhjA&ab_channel=ImpressionBlend
Logan,2017,White Woman,0,https://www.youtube.com/watch?v=D-Ue15pL_Lk&ab_channel=WrappedUpInFilm
Logan,2017,White Woman,0,https://www.youtube.com/watch?v=csbRjP3GyhQ&ab_channel=RazzReviews
Logan,2017,Black Man,0,https://www.youtube.com/watch?v=LZqhBeEdGZk&ab_channel=BlackCriticGuy
Logan,2017,Black Man,0,https://www.youtube.com/watch?v=gJDctCOOhsQ&ab_channel=CaibaShow
Logan,2017,Black Man,0,https://www.youtube.com/watch?v=wmWStFQp0t0&ab_channel=TheFlickAdvisor
Logan,2017,Black Man,0,https://www.youtube.com/watch?v=Hr8J_rNfQEU&ab_channel=The1stTake